MasterCard,5184-3989-2997-3080,09/23,123
MasterCard,5284-3989-2997-3080,09/23,123
MasterCard,5384-3989-2997-3080,09/23,123
MasterCard,5484-3989-2997-3080,09/23,123
MasterCard,5584-3989-2997-3080,09/23,123
VISA,5184-3989-2997-3080,09/23,123
VISA,5284-3989-2997-3080,09/23,123
VISA,5384-3989-2997-3080,09/23,123
VISA,5484-3989-2997-3080,09/23,123
VISA,5584-3989-2997-3080,09/23,123
AmericanExpress,5184-3989-2997-3080,09/23,123
AmericanExpress,5284-3989-2997-3080,09/23,123
AmericanExpress,5384-3989-2997-3080,09/23,123
AmericanExpress,5484-3989-2997-3080,09/23,123
AmericanExpress,5584-3989-2997-3080,09/23,123
Discover,5184-3989-2997-3080,09/23,123
Discover,5284-3989-2997-3080,09/23,123
Discover,5384-3989-2997-3080,09/23,123
Discover,5484-3989-2997-3080,09/23,123
Discover,5584-3989-2997-3080,09/23,123